pid,measuredDate,latitude,longitude,countryName,skyCondition,cloudType,cloudOpacity,surfaceCondition
OBS-000000,2022-01-15T00:00:00,-37.48375691169802,-109.46777126428452,Australia,Broken,Cumulonimbus,Transparent,Snow
OBS-000001,2022-01-15T01:29:27,-3.5992855990635064,156.76390793961474,Japan,Overcast,Stratocumulus,Transparent,Dry
OBS-000002,2022-01-15T02:58:55,-8.194384528341452,-119.45467256394159,France,Scattered,Stratus,Transparent,Dry
OBS-000003,2022-01-15T04:28:22,20.060512746788135,-29.02779793281192,India,Overcast,Stratocumulus,Thin,Dry
OBS-000004,2022-01-15T05:57:50,22.562174612793697,-140.9811128532611,Japan,Overcast,Altocumulus,Opaque,Ice
OBS-000005,2022-01-15T07:27:17,-54.11047872963421,168.93724562762208,Germany,Few,Altocumulus,Opaque,Wet
OBS-000006,2022-01-15T08:56:45,-11.300360098558741,0.7463035126224895,Japan,Scattered,Altocumulus,Opaque,Wet
OBS-000007,2022-01-15T10:26:12,21.36178904285073,32.43090588881489,Germany,Scattered,Cumulus,Thin,Snow
OBS-000008,2022-01-15T11:55:40,5.407713615411396,-147.19399768793465,Germany,Scattered,Stratus,Opaque,Wet
OBS-000009,2022-01-15T13:25:07,51.34367935448189,84.98655993572044,Germany,Overcast,Cumulonimbus,Thin,Wet
OBS-000010,2022-01-15T14:54:35,25.63017211046285,-98.63209834750084,Australia,Broken,Cumulonimbus,Opaque,Dry
OBS-000011,2022-01-15T16:24:02,-38.81852447941414,135.3384584098427,Germany,Scattered,Cumulus,Opaque,Dry
OBS-000012,2022-01-15T17:53:30,-50.82606283794412,-100.25252223611756,Germany,Obscured,Stratocumulus,Transparent,Ice
OBS-000013,2022-01-15T19:22:57,23.514506166821036,-105.16617497435337,India,Overcast,Cumulus,Thin,Dry
OBS-000014,2022-01-15T20:52:25,-56.553529629589164,-157.57311293164773,United States,Few,Stratocumulus,Transparent,Dry
OBS-000015,2022-01-15T22:21:53,16.150825565550235,-9.497238662600267,Brazil,Broken,Stratocumulus,Transparent,Dry
OBS-000016,2022-01-15T23:51:20,62.229931385244484,22.04598530928959,United States,Obscured,Cirrus,Transparent,Dry
OBS-000017,2022-01-16T01:20:48,14.811643123864258,-147.6590625943602,Germany,Obscured,Cumulonimbus,Thin,Ice
OBS-000018,2022-01-16T02:50:15,-9.53790959315215,93.67938967630357,India,Few,Altocumulus,Thin,Dry
OBS-000019,2022-01-16T04:19:43,23.627468397505908,-15.881796185670623,Japan,Broken,Stratocumulus,Opaque,Snow
OBS-000020,2022-01-16T05:49:10,-0.42712423610284134,8.292691571377219,India,Overcast,Cirrus,Transparent,Snow
OBS-000021,2022-01-16T07:18:38,10.930182611071544,-20.14066604100242,Germany,Clear,Cumulonimbus,Opaque,Snow
OBS-000022,2022-01-16T08:48:05,62.39042514094827,-33.74055930238916,India,Broken,Altocumulus,Transparent,Snow
OBS-000023,2022-01-16T10:17:33,-9.806657085899346,20.277712644794093,France,Few,Stratocumulus,Thin,Dry
OBS-000024,2022-01-16T11:47:00,64.95477329710884,-117.21831638355775,India,Obscured,Stratocumulus,Thin,Snow
OBS-000025,2022-01-16T13:16:28,57.69558345428828,-108.14443563160782,Germany,Overcast,Cumulus,Thin,Dry
OBS-000026,2022-01-16T14:45:55,-34.547152477391464,123.00711114459591,Australia,Broken,Cumulus,Transparent,Ice
OBS-000027,2022-01-16T16:15:23,-50.98303088622849,151.67925712543513,France,Clear,Cumulonimbus,Thin,Snow
OBS-000028,2022-01-16T17:44:50,-46.89885982093453,-43.074832464884,India,Clear,Altocumulus,Transparent,Wet
OBS-000029,2022-01-16T19:14:18,-57.63116266529853,-77.94681113119172,Brazil,Scattered,Stratocumulus,Opaque,Snow
OBS-000030,2022-01-16T20:43:46,-47.72241510172931,48.959844701265354,Brazil,Scattered,Cumulonimbus,Transparent,Snow
OBS-000031,2022-01-16T22:13:13,28.790880544126395,-31.030381826647215,India,Few,Cumulonimbus,Opaque,Dry
OBS-000032,2022-01-16T23:42:41,-50.74547570017023,-161.36863907548275,Australia,Broken,Stratus,Transparent,Snow
OBS-000033,2022-01-17T01:12:08,-18.533168061811033,-116.90811689549528,Japan,Broken,Cumulus,Opaque,Wet
OBS-000034,2022-01-17T02:41:36,49.8337904260291,73.43055780811517,Germany,Obscured,Altocumulus,Thin,Dry
OBS-000035,2022-01-17T04:11:03,-56.974648354342634,54.03414024945147,Brazil,Obscured,Stratocumulus,Opaque,Dry
OBS-000036,2022-01-17T05:40:31,45.88090273656165,-160.78736254881562,Japan,Obscured,Cumulonimbus,Thin,Ice
OBS-000037,2022-01-17T07:09:58,-23.35887927945801,-94.52946494279719,India,Scattered,Stratocumulus,Thin,Ice
OBS-000038,2022-01-17T08:39:26,-44.63857240918469,-91.43456916005573,Japan,Broken,Stratus,Opaque,Snow
OBS-000039,2022-01-17T10:08:53,30.57583149733958,58.443532823567665,France,Broken,Altocumulus,Transparent,Ice
OBS-000040,2022-01-17T11:38:21,21.762570081384922,-163.29841716351618,United States,Clear,Cumulonimbus,Transparent,Ice
OBS-000041,2022-01-17T13:07:48,54.071361758516886,-134.6030821252449,Brazil,Scattered,Stratocumulus,Transparent,Ice
OBS-000042,2022-01-17T14:37:16,35.55923569450515,101.97146902688439,India,Overcast,Cumulus,Transparent,Dry
OBS-000043,2022-01-17T16:06:44,44.45252095003032,-109.29481490152656,Germany,Scattered,Stratus,Transparent,Dry
OBS-000044,2022-01-17T17:36:11,-23.33550556573016,51.93367666963741,Australia,Overcast,Altocumulus,Thin,Dry
OBS-000045,2022-01-17T19:05:39,-36.93285930863603,-89.01785444411298,France,Clear,Stratus,Transparent,Ice
OBS-000046,2022-01-17T20:35:06,37.57991771331159,-136.18992646182264,India,Few,Cumulus,Thin,Dry
OBS-000047,2022-01-17T22:04:34,44.888516104744326,-87.32145506018561,Germany,Broken,Altocumulus,Thin,Ice
OBS-000048,2022-01-17T23:34:01,68.76566846008754,75.57075683092413,Australia,Clear,Stratus,Thin,Dry
OBS-000049,2022-01-18T01:03:29,-6.359702001514556,120.93679915613717,Australia,Broken,Cirrus,Opaque,Dry
OBS-000050,2022-01-18T02:32:56,-11.637648846938191,112.27475395277713,India,Obscured,Cumulus,Opaque,Wet
OBS-000051,2022-01-18T04:02:24,40.933684896459596,-34.95759992972535,France,Few,Cumulus,Thin,Snow
OBS-000052,2022-01-18T05:31:51,-15.695539767107682,57.148946434019706,Japan,Few,Cumulus,Opaque,Ice
OBS-000053,2022-01-18T07:01:19,60.998452328463415,-100.30533955862087,Japan,Clear,Cirrus,Transparent,Wet
OBS-000054,2022-01-18T08:30:46,51.593657739591535,-70.32977171125549,Australia,Few,Cirrus,Transparent,Dry
OBS-000055,2022-01-18T10:00:14,-4.230776441247613,134.75417829718072,Japan,Overcast,Stratocumulus,Thin,Ice
OBS-000056,2022-01-18T11:29:41,37.613238812894664,-165.57934600634974,United States,Few,Cumulonimbus,Transparent,Dry
OBS-000057,2022-01-18T12:59:09,38.09057363100871,-140.92709950948085,Australia,Broken,Stratus,Thin,Snow
OBS-000058,2022-01-18T14:28:37,-46.59389705132876,-99.31867325035071,Australia,Broken,Stratocumulus,Thin,Wet
OBS-000059,2022-01-18T15:58:04,57.33187786834367,-160.9790506829013,Germany,Broken,Stratus,Transparent,Snow
OBS-000060,2022-01-18T17:27:32,5.682808418221427,-108.31195206946892,Japan,Broken,Cumulonimbus,Opaque,Wet
OBS-000061,2022-01-18T18:56:59,47.43947059400641,28.23413072969535,France,Overcast,Cirrus,Transparent,Dry
OBS-000062,2022-01-18T20:26:27,-18.393551866020474,-26.715652798550707,Australia,Scattered,Cumulonimbus,Transparent,Snow
OBS-000063,2022-01-18T21:55:54,56.418019704506065,133.50838176617145,France,Obscured,Cirrus,Thin,Snow
OBS-000064,2022-01-18T23:25:22,-9.403781764558794,107.9308109910699,United States,Clear,Cumulonimbus,Thin,Dry
OBS-000065,2022-01-19T00:54:49,-58.591105307561214,-53.782100422722166,Germany,Broken,Stratocumulus,Thin,Snow
OBS-000066,2022-01-19T02:24:17,57.699656934504276,-81.79603263336055,India,Few,Altocumulus,Thin,Ice
OBS-000067,2022-01-19T03:53:44,-48.13273201780264,-40.90458122312924,France,Broken,Stratocumulus,Opaque,Wet
OBS-000068,2022-01-19T05:23:12,-18.489227113246066,30.70028045503463,Australia,Few,Stratus,Opaque,Wet
OBS-000069,2022-01-19T06:52:39,63.508055716604645,-78.85836212022207,United States,Obscured,Stratocumulus,Opaque,Wet
OBS-000070,2022-01-19T08:22:07,63.578929101882295,42.21062866870557,Brazil,Obscured,Cumulus,Thin,Ice
OBS-000071,2022-01-19T09:51:34,14.546925456027196,-30.80003825497826,United States,Obscured,Stratus,Thin,Wet
OBS-000072,2022-01-19T11:21:02,22.138837582073904,17.69604148967329,United States,Few,Cumulonimbus,Thin,Dry
OBS-000073,2022-01-19T12:50:30,-1.7020821428184263,-21.716980093992333,Germany,Broken,Stratus,Opaque,Snow
OBS-000074,2022-01-19T14:19:57,-21.882599679251612,-69.88164175574799,India,Obscured,Altocumulus,Thin,Ice
OBS-000075,2022-01-19T15:49:25,-17.273609101910928,152.4741243671333,Brazil,Overcast,Cirrus,Transparent,Wet
OBS-000076,2022-01-19T17:18:52,27.42739929001499,89.62597001431868,Japan,Few,Cumulonimbus,Transparent,Dry
OBS-000077,2022-01-19T18:48:20,37.808688826898404,-122.36152023940613,Japan,Few,Stratus,Thin,Snow
OBS-000078,2022-01-19T20:17:47,42.905275684360305,125.27911180529037,France,Broken,Cumulonimbus,Transparent,Snow
OBS-000079,2022-01-19T21:47:15,42.650358563292,-4.273392595165376,United States,Few,Cumulonimbus,Transparent,Ice
OBS-000080,2022-01-19T23:16:42,-48.14320660367025,134.1477571439911,Germany,Few,Cumulonimbus,Opaque,Ice
OBS-000081,2022-01-20T00:46:10,4.274639611335587,101.95078702208718,Germany,Obscured,Cirrus,Thin,Ice
OBS-000082,2022-01-20T02:15:37,-52.517361197836244,-25.427408480460628,Japan,Broken,Stratocumulus,Thin,Dry
OBS-000083,2022-01-20T03:45:05,11.438754702085618,-162.36043517116008,France,Obscured,Cumulonimbus,Opaque,Dry
OBS-000084,2022-01-20T05:14:32,-2.601034821460985,-78.64969780911834,France,Obscured,Cumulus,Transparent,Ice
OBS-000085,2022-01-20T06:44:00,55.40154375857897,14.155632984694762,France,Broken,Altocumulus,Transparent,Wet
OBS-000086,2022-01-20T08:13:28,-14.38104836822977,45.382594740890084,Brazil,Clear,Cirrus,Thin,Snow
OBS-000087,2022-01-20T09:42:55,-44.78128786441124,-82.31818695271123,India,Obscured,Stratus,Transparent,Snow
OBS-000088,2022-01-20T11:12:23,-41.411081333131335,-122.6189348152398,Brazil,Overcast,Cirrus,Opaque,Dry
OBS-000089,2022-01-20T12:41:50,38.99638212327139,113.8762805117617,Australia,Overcast,Stratus,Opaque,Snow
OBS-000090,2022-01-20T14:11:18,20.36834823111394,164.6967414392077,Australia,Few,Cirrus,Thin,Wet
OBS-000091,2022-01-20T15:40:45,-46.854052104037265,8.734661982913167,India,Overcast,Stratus,Opaque,Snow
OBS-000092,2022-01-20T17:10:13,-49.06611520505034,-111.62904281157681,Japan,Few,Cumulonimbus,Opaque,Dry
OBS-000093,2022-01-20T18:39:40,31.125987089685594,-77.41550898341455,India,Clear,Stratocumulus,Thin,Dry
OBS-000094,2022-01-20T20:09:08,-50.54080917265484,-163.7471699738613,Germany,Broken,Stratus,Opaque,Wet
OBS-000095,2022-01-20T21:38:35,46.84180770774631,140.86159423056966,Australia,Broken,Stratus,Opaque,Wet
OBS-000096,2022-01-20T23:08:03,31.811489530344502,-129.96463181735203,United States,Broken,Cumulus,Opaque,Snow
OBS-000097,2022-01-21T00:37:30,-49.42465851655303,26.01560167484621,United States,Overcast,Stratus,Transparent,Snow
OBS-000098,2022-01-21T02:06:58,-48.97109716892505,-76.82122496634996,Japan,Clear,Cumulus,Thin,Dry
OBS-000099,2022-01-21T03:36:25,68.2631452051528,18.420520855369773,Germany,Overcast,Altocumulus,Thin,Wet
OBS-000100,2022-01-21T05:05:53,-11.344796551704356,51.48293203963382,Brazil,Overcast,Cumulonimbus,Thin,Wet
OBS-000101,2022-01-21T06:35:21,-11.816520881304179,112.11221326044853,Germany,Clear,Cumulus,Transparent,Wet
OBS-000102,2022-01-21T08:04:48,45.66394374347533,-99.81676760139491,United States,Clear,Stratocumulus,Transparent,Snow
OBS-000103,2022-01-21T09:34:16,63.142315059901634,-166.26141825611663,United States,Clear,Cumulonimbus,Thin,Wet
OBS-000104,2022-01-21T11:03:43,68.18013829697321,-123.45888577660553,Australia,Clear,Cumulus,Transparent,Dry
OBS-000105,2022-01-21T12:33:11,37.939164083662405,136.00633822835573,Germany,Broken,Cumulonimbus,Thin,Dry
OBS-000106,2022-01-21T14:02:38,-11.086253880980948,127.1226263712552,Germany,Scattered,Cumulonimbus,Transparent,Snow
OBS-000107,2022-01-21T15:32:06,-49.14490682917306,33.12045473790482,United States,Scattered,Cumulonimbus,Opaque,Ice
OBS-000108,2022-01-21T17:01:33,41.02909907056679,34.17573254744215,Brazil,Clear,Altocumulus,Opaque,Snow
OBS-000109,2022-01-21T18:31:01,12.592552465654663,56.11246934572685,Japan,Scattered,Stratocumulus,Thin,Ice
OBS-000110,2022-01-21T20:00:28,-4.8511387978930856,-110.37376526802714,France,Scattered,Cirrus,Transparent,Wet
OBS-000111,2022-01-21T21:29:56,57.82607006231568,140.90006161448633,Japan,Clear,Cirrus,Transparent,Snow
OBS-000112,2022-01-21T22:59:23,-45.54432730020032,-27.618021536695153,Germany,Scattered,Cumulus,Opaque,Dry
OBS-000113,2022-01-22T00:28:51,4.041263557811689,-39.73290039517087,Japan,Overcast,Cumulonimbus,Opaque,Wet
OBS-000114,2022-01-22T01:58:18,-58.52402618023552,6.432019796164752,United States,Few,Cumulus,Transparent,Dry
OBS-000115,2022-01-22T03:27:46,0.9258834592364167,-154.03157129648127,United States,Few,Altocumulus,Transparent,Wet
OBS-000116,2022-01-22T04:57:14,-52.68057416136114,-113.463654622933,Germany,Clear,Altocumulus,Transparent,Snow
OBS-000117,2022-01-22T06:26:41,-44.55367088515065,80.93142958496594,Germany,Broken,Stratus,Transparent,Ice
OBS-000118,2022-01-22T07:56:09,-44.72158791897637,-141.848452905457,France,Clear,Altocumulus,Transparent,Wet
OBS-000119,2022-01-22T09:25:36,24.397339275088257,35.07171721857199,France,Broken,Stratus,Transparent,Ice
OBS-000120,2022-01-22T10:55:04,36.98583430450503,-86.58130270835088,Australia,Few,Stratocumulus,Thin,Wet
OBS-000121,2022-01-22T12:24:31,15.837939462630757,-37.639491225727966,Germany,Clear,Cumulus,Transparent,Dry
OBS-000122,2022-01-22T13:53:59,65.08243130169045,-71.84412949796204,Brazil,Obscured,Stratocumulus,Opaque,Dry
OBS-000123,2022-01-22T15:23:26,-11.26682466191847,-49.07127640191729,Japan,Overcast,Altocumulus,Thin,Wet
OBS-000124,2022-01-22T16:52:54,-22.857428783358102,74.47560776264348,Germany,Scattered,Stratocumulus,Transparent,Ice
OBS-000125,2022-01-22T18:22:21,52.91788666462983,-68.9786166881205,India,Broken,Stratocumulus,Opaque,Snow
OBS-000126,2022-01-22T19:51:49,-30.932540992471157,22.577577700945056,Australia,Obscured,Stratocumulus,Thin,Snow
OBS-000127,2022-01-22T21:21:16,65.21893012727946,-8.142863252306114,India,Scattered,Altocumulus,Opaque,Dry
OBS-000128,2022-01-22T22:50:44,-58.41991829032388,55.648196223300374,United States,Scattered,Cumulonimbus,Transparent,Snow
OBS-000129,2022-01-23T00:20:12,66.08424747199308,148.5221113704177,France,Clear,Stratocumulus,Transparent,Dry
OBS-000130,2022-01-23T01:49:39,-54.38921144642511,79.0745130514851,Japan,Scattered,Stratus,Transparent,Snow
OBS-000131,2022-01-23T03:19:07,55.84860478074924,-96.9202712791427,Germany,Overcast,Altocumulus,Transparent,Wet
OBS-000132,2022-01-23T04:48:34,8.601144181218984,-159.3977340791632,India,Obscured,Stratocumulus,Thin,Dry
OBS-000133,2022-01-23T06:18:02,69.08542349550905,-80.83022493805947,Japan,Scattered,Cumulonimbus,Thin,Dry
OBS-000134,2022-01-23T07:47:29,-50.40644658439815,32.32649643808665,United States,Clear,Altocumulus,Opaque,Wet
OBS-000135,2022-01-23T09:16:57,12.001056972171696,-152.51522341535488,France,Overcast,Cirrus,Transparent,Dry
OBS-000136,2022-01-23T10:46:24,66.00932963048287,-1.2354759515796445,Brazil,Few,Cumulonimbus,Opaque,Snow
OBS-000137,2022-01-23T12:15:52,8.002719742119353,32.92656863174233,Australia,Obscured,Stratus,Thin,Snow
OBS-000138,2022-01-23T13:45:19,21.821822957584132,-56.35707712223332,Japan,Scattered,Stratocumulus,Transparent,Dry
OBS-000139,2022-01-23T15:14:47,30.447329568000228,92.11014927357945,Japan,Clear,Cirrus,Transparent,Snow
OBS-000140,2022-01-23T16:44:14,-0.9096615801894785,-133.75659393451758,Brazil,Few,Cirrus,Thin,Ice
OBS-000141,2022-01-23T18:13:42,21.58255041092825,-144.45315420982502,Japan,Few,Altocumulus,Thin,Dry
OBS-000142,2022-01-23T19:43:09,15.960860550003034,77.58417710922515,United States,Broken,Cirrus,Thin,Wet
OBS-000143,2022-01-23T21:12:37,57.150541363828566,-1.5329524898925229,United States,Overcast,Stratus,Thin,Ice
OBS-000144,2022-01-23T22:42:05,-54.09197055561047,64.05681478543025,Brazil,Scattered,Stratus,Thin,Dry
OBS-000145,2022-01-24T00:11:32,-23.474785353010056,-22.158704874726283,Australia,Clear,Cumulus,Transparent,Wet
OBS-000146,2022-01-24T01:41:00,63.55349292995264,-86.22330869870369,Germany,Broken,Stratus,Thin,Snow
OBS-000147,2022-01-24T03:10:27,55.73429190581912,108.49478800922793,India,Overcast,Cumulonimbus,Transparent,Wet
OBS-000148,2022-01-24T04:39:55,-0.7646221378573159,101.80139884945294,Germany,Broken,Cirrus,Transparent,Ice
OBS-000149,2022-01-24T06:09:22,20.617237714199774,66.19680009050509,Japan,Obscured,Stratus,Thin,Snow
OBS-000150,2022-01-24T07:38:50,-23.94044621245275,-77.47065334181268,India,Overcast,Altocumulus,Thin,Dry
OBS-000151,2022-01-24T09:08:17,-35.544249235911025,30.67842673548961,Brazil,Overcast,Cumulus,Transparent,Snow
OBS-000152,2022-01-24T10:37:45,0.28079264219768163,-47.268875040390895,Brazil,Scattered,Cirrus,Thin,Dry
OBS-000153,2022-01-24T12:07:12,-14.064210356613131,-138.8620950689444,Australia,Overcast,Cumulus,Thin,Dry
OBS-000154,2022-01-24T13:36:40,15.875294540613368,141.88661565716257,India,Broken,Cirrus,Thin,Wet
OBS-000155,2022-01-24T15:06:07,-49.894497194551974,-123.48166548755313,United States,Overcast,Altocumulus,Opaque,Wet
OBS-000156,2022-01-24T16:35:35,66.67132499660164,153.08070029907282,India,Scattered,Cumulus,Transparent,Wet
OBS-000157,2022-01-24T18:05:03,68.20739678234838,-18.358037194295036,Japan,Scattered,Stratocumulus,Opaque,Ice
OBS-000158,2022-01-24T19:34:30,30.761022822566872,-107.05480419486932,United States,Obscured,Cumulonimbus,Thin,Ice
OBS-000159,2022-01-24T21:03:58,9.692527624735646,14.246322108641778,France,Broken,Cumulonimbus,Opaque,Wet
OBS-000160,2022-01-24T22:33:25,-19.761409882777393,126.8015841979788,France,Few,Cirrus,Thin,Ice
OBS-000161,2022-01-25T00:02:53,45.79335256190333,78.95646137925081,France,Few,Stratocumulus,Opaque,Snow
OBS-000162,2022-01-25T01:32:20,29.01505243200431,104.23079027289293,Brazil,Overcast,Cumulus,Thin,Snow
OBS-000163,2022-01-25T03:01:48,-38.85979788516413,53.986344681643914,India,Obscured,Stratocumulus,Opaque,Ice
OBS-000164,2022-01-25T04:31:15,58.42053398419952,65.37403193606983,France,Clear,Stratocumulus,Opaque,Ice
OBS-000165,2022-01-25T06:00:43,46.92984158001197,118.72652153220855,Germany,Overcast,Cumulus,Opaque,Snow
OBS-000166,2022-01-25T07:30:10,63.47398872795013,-85.11287698787677,Australia,Obscured,Altocumulus,Transparent,Dry
OBS-000167,2022-01-25T08:59:38,34.34353609048679,-3.5955123613322257,Germany,Broken,Stratocumulus,Opaque,Snow
OBS-000168,2022-01-25T10:29:05,19.743975471652675,-94.78878978133524,France,Broken,Stratocumulus,Transparent,Snow
OBS-000169,2022-01-25T11:58:33,-5.628405282219546,165.80712271886,Australia,Broken,Altocumulus,Thin,Ice
OBS-000170,2022-01-25T13:28:00,61.25470283602172,150.98017549344848,Japan,Broken,Stratocumulus,Opaque,Snow
OBS-000171,2022-01-25T14:57:28,52.58830563505309,-156.594884134708,Germany,Broken,Stratocumulus,Thin,Ice
OBS-000172,2022-01-25T16:26:56,-54.12157288619538,69.89555865533407,India,Obscured,Stratocumulus,Thin,Ice
OBS-000173,2022-01-25T17:56:23,-56.57229331535724,144.58442792132638,India,Obscured,Cumulonimbus,Opaque,Wet
OBS-000174,2022-01-25T19:25:51,-11.059762305853553,-108.6043826567066,Germany,Scattered,Stratus,Transparent,Snow
OBS-000175,2022-01-25T20:55:18,45.37193300163828,23.101378387894016,France,Few,Altocumulus,Opaque,Dry
OBS-000176,2022-01-25T22:24:46,68.34589681094278,141.26602117993423,India,Broken,Stratocumulus,Thin,Wet
OBS-000177,2022-01-25T23:54:13,-40.445804156541335,-158.45836728082838,Japan,Clear,Cumulonimbus,Thin,Ice
OBS-000178,2022-01-26T01:23:41,17.23699299577757,67.12289086392556,United States,Obscured,Altocumulus,Opaque,Ice
OBS-000179,2022-01-26T02:53:08,-10.4841886379672,-68.90133749333273,France,Clear,Cirrus,Transparent,Dry
OBS-000180,2022-01-26T04:22:36,66.08887171589842,144.29470642802033,Japan,Clear,Cirrus,Transparent,Ice
OBS-000181,2022-01-26T05:52:03,49.47546000764213,160.15980335622504,Australia,Clear,Stratocumulus,Thin,Snow
OBS-000182,2022-01-26T07:21:31,48.98273161244792,151.05060629856752,Japan,Scattered,Cumulonimbus,Thin,Wet
OBS-000183,2022-01-26T08:50:58,0.9301107733461365,-8.76716633646231,France,Obscured,Cumulonimbus,Transparent,Ice
OBS-000184,2022-01-26T10:20:26,-6.073464696103528,123.09450133636659,Australia,Clear,Altocumulus,Opaque,Ice
OBS-000185,2022-01-26T11:49:53,-24.45708064900819,117.14679550192392,France,Broken,Altocumulus,Thin,Dry
OBS-000186,2022-01-26T13:19:21,-52.67118543537948,-61.50583909729309,India,Overcast,Cumulonimbus,Transparent,Snow
OBS-000187,2022-01-26T14:48:49,52.41390891315692,111.8312612112303,United States,Clear,Altocumulus,Thin,Ice
OBS-000188,2022-01-26T16:18:16,45.67713118691009,-157.41740419673252,France,Scattered,Cumulonimbus,Opaque,Dry
OBS-000189,2022-01-26T17:47:44,69.96329752719697,32.73175868389802,France,Obscured,Stratus,Transparent,Ice
OBS-000190,2022-01-26T19:17:11,69.5627888196077,-91.79699532218096,India,Scattered,Cumulonimbus,Thin,Dry
OBS-000191,2022-01-26T20:46:39,12.206121728341571,-129.0072588357252,Brazil,Clear,Cirrus,Opaque,Dry
OBS-000192,2022-01-26T22:16:06,39.96836397346637,-143.83591144606888,India,Obscured,Altocumulus,Thin,Snow
OBS-000193,2022-01-26T23:45:34,62.81954488471564,66.73818379856752,Australia,Overcast,Cumulonimbus,Opaque,Ice
OBS-000194,2022-01-27T01:15:01,50.45416078806349,-54.44251231885751,India,Clear,Cumulonimbus,Opaque,Snow
OBS-000195,2022-01-27T02:44:29,-27.8447467733843,76.42070231977888,India,Scattered,Altocumulus,Transparent,Dry
OBS-000196,2022-01-27T04:13:56,-1.4292624096878441,-147.7788441283596,United States,Few,Stratus,Opaque,Wet
OBS-000197,2022-01-27T05:43:24,-43.20927603030565,-62.80128513759249,India,Broken,Stratus,Thin,Ice
OBS-000198,2022-01-27T07:12:51,64.0266335436339,13.427039407614643,France,Scattered,Altocumulus,Opaque,Wet
OBS-000199,2022-01-27T08:42:19,18.802702478614407,98.84587604524762,United States,Obscured,Cumulus,Opaque,Ice
OBS-000200,2022-01-27T10:11:47,-30.276435284549848,-61.624149003096235,Germany,Clear,Altocumulus,Transparent,Snow
OBS-000201,2022-01-27T11:41:14,27.321088972761373,42.80306798858308,Brazil,Broken,Altocumulus,Opaque,Snow
OBS-000202,2022-01-27T13:10:42,20.35667125952645,131.23243440030365,United States,Clear,Stratus,Opaque,Snow
OBS-000203,2022-01-27T14:40:09,-13.438846655730735,39.393483981983564,Australia,Obscured,Stratus,Thin,Snow
OBS-000204,2022-01-27T16:09:37,-45.237513014048226,-90.79377858376452,Germany,Clear,Altocumulus,Transparent,Snow
OBS-000205,2022-01-27T17:39:04,27.304515427063947,-161.70373427077706,United States,Few,Altocumulus,Transparent,Wet
OBS-000206,2022-01-27T19:08:32,7.640001117493128,125.83361712631614,United States,Broken,Altocumulus,Transparent,Snow
OBS-000207,2022-01-27T20:37:59,40.40139092563311,-162.76840031086837,Brazil,Broken,Stratus,Opaque,Dry
OBS-000208,2022-01-27T22:07:27,7.621255144559143,127.39856871262782,France,Obscured,Altocumulus,Transparent,Dry
OBS-000209,2022-01-27T23:36:54,50.78359504141021,9.838625569252088,Australia,Few,Altocumulus,Opaque,Wet
OBS-000210,2022-01-28T01:06:22,11.74788904068312,149.2830174943847,Japan,Scattered,Stratocumulus,Opaque,Ice
OBS-000211,2022-01-28T02:35:49,12.921936299600219,101.58630016304625,Japan,Clear,Cumulus,Thin,Dry
OBS-000212,2022-01-28T04:05:17,53.96496834558485,169.29759758133474,United States,Overcast,Cirrus,Thin,Ice
OBS-000213,2022-01-28T05:34:44,-7.547227392388386,-50.75798274641855,India,Clear,Cumulus,Thin,Wet
OBS-000214,2022-01-28T07:04:12,-42.5780203014167,90.84401823658317,Australia,Clear,Stratocumulus,Thin,Ice
OBS-000215,2022-01-28T08:33:40,-56.25825207926594,-33.343489372857675,Germany,Scattered,Cirrus,Thin,Ice
OBS-000216,2022-01-28T10:03:07,38.167843237570466,-6.8422890966709815,India,Clear,Altocumulus,Opaque,Ice
OBS-000217,2022-01-28T11:32:35,20.640241675950406,43.35185749424582,India,Few,Stratocumulus,Opaque,Ice
OBS-000218,2022-01-28T13:02:02,31.53036985289907,127.05021882335518,Australia,Few,Altocumulus,Transparent,Wet
OBS-000219,2022-01-28T14:31:30,-32.314659003841605,164.58837952776037,France,Broken,Stratus,Opaque,Dry
OBS-000220,2022-01-28T16:00:57,-42.27170817371993,91.21296071393618,United States,Obscured,Cumulonimbus,Opaque,Snow
OBS-000221,2022-01-28T17:30:25,-58.10919346317535,-27.959294063106512,United States,Overcast,Stratocumulus,Thin,Ice
OBS-000222,2022-01-28T18:59:52,-14.42361735514239,-26.73861922579613,United States,Clear,Stratus,Opaque,Dry
OBS-000223,2022-01-28T20:29:20,16.6892992911023,80.77798254022309,United States,Clear,Stratocumulus,Thin,Dry
OBS-000224,2022-01-28T21:58:47,-9.008274137034796,-88.81577043877721,Japan,Scattered,Stratocumulus,Transparent,Wet
OBS-000225,2022-01-28T23:28:15,-3.128260136915223,-132.4388015353258,United States,Obscured,Stratus,Transparent,Dry
OBS-000226,2022-01-29T00:57:42,57.54063028418729,-49.42846640213598,Japan,Few,Cirrus,Opaque,Wet
OBS-000227,2022-01-29T02:27:10,-14.726789286970956,-72.33874283761222,Japan,Overcast,Cumulus,Transparent,Ice
OBS-000228,2022-01-29T03:56:37,6.818633590775406,-69.25523904496337,France,Broken,Altocumulus,Opaque,Ice
OBS-000229,2022-01-29T05:26:05,41.874891656348595,-90.57336464303062,United States,Few,Stratocumulus,Transparent,Snow
OBS-000230,2022-01-29T06:55:33,-8.449438298234881,-155.68831552363696,Brazil,Obscured,Altocumulus,Thin,Snow
OBS-000231,2022-01-29T08:25:00,20.871271029623557,-163.9228621906393,Germany,Broken,Cumulonimbus,Thin,Snow
OBS-000232,2022-01-29T09:54:28,52.10728213707688,165.82561251025072,India,Scattered,Stratus,Thin,Dry
OBS-000233,2022-01-29T11:23:55,63.43768107549347,-24.557134529806802,Japan,Scattered,Altocumulus,Thin,Ice
OBS-000234,2022-01-29T12:53:23,-40.88044747922507,-39.32893996570823,Australia,Clear,Stratus,Opaque,Wet
OBS-000235,2022-01-29T14:22:50,60.456391270994274,61.08007611564375,Australia,Obscured,Altocumulus,Transparent,Snow
OBS-000236,2022-01-29T15:52:18,3.9751181003399623,-95.79367812587819,Germany,Overcast,Cumulus,Opaque,Wet
OBS-000237,2022-01-29T17:21:45,-26.428229521135414,152.98680254307664,Australia,Broken,Cumulus,Thin,Wet
OBS-000238,2022-01-29T18:51:13,-0.3123516890260305,97.3573049012877,Brazil,Few,Cumulus,Opaque,Snow
OBS-000239,2022-01-29T20:20:40,67.40423478711202,-139.60025921383178,Australia,Obscured,Cumulus,Transparent,Ice
OBS-000240,2022-01-29T21:50:08,4.040352219073043,-28.022536233124356,India,Obscured,Cumulus,Opaque,Snow
OBS-000241,2022-01-29T23:19:35,-17.262290662623933,128.900224571136,India,Scattered,Cumulus,Transparent,Wet
OBS-000242,2022-01-30T00:49:03,22.34211106117435,151.2088875790795,Japan,Clear,Stratus,Opaque,Snow
OBS-000243,2022-01-30T02:18:31,-28.7810695588349,-11.0834861750443,United States,Clear,Stratocumulus,Transparent,Wet
OBS-000244,2022-01-30T03:47:58,-50.13776734587369,38.559872331640605,France,Broken,Altocumulus,Transparent,Wet
OBS-000245,2022-01-30T05:17:26,-43.2456361516156,-113.20845832869443,Brazil,Scattered,Cumulus,Thin,Snow
OBS-000246,2022-01-30T06:46:53,-43.35404093548958,166.997332886572,Japan,Obscured,Stratus,Transparent,Dry
OBS-000247,2022-01-30T08:16:21,-40.252649843401734,-91.23162152962925,Brazil,Overcast,Stratus,Thin,Snow
OBS-000248,2022-01-30T09:45:48,-41.95246755557668,150.52880320594272,United States,Scattered,Stratus,Thin,Dry
OBS-000249,2022-01-30T11:15:16,23.313716824417895,50.87986065740529,Australia,Broken,Stratocumulus,Thin,Wet
OBS-000250,2022-01-30T12:44:43,-36.35558902811117,36.63051025881211,Australia,Broken,Altocumulus,Opaque,Wet
OBS-000251,2022-01-30T14:14:11,-15.063253167897784,4.314093745612922,France,Scattered,Stratocumulus,Opaque,Dry
OBS-000252,2022-01-30T15:43:38,56.58249328778153,-91.57226401596205,United States,Broken,Cirrus,Opaque,Wet
OBS-000253,2022-01-30T17:13:06,1.6150132341734036,-109.98046911812719,Japan,Scattered,Stratus,Opaque,Dry
OBS-000254,2022-01-30T18:42:33,26.78250600773353,-95.03468891614038,France,Few,Cirrus,Transparent,Dry
OBS-000255,2022-01-30T20:12:01,-37.59841674378812,-106.61099087095346,United States,Scattered,Cumulonimbus,Transparent,Wet
OBS-000256,2022-01-30T21:41:28,-35.002427554872796,95.05872101269614,Germany,Scattered,Cumulus,Opaque,Ice
OBS-000257,2022-01-30T23:10:56,-54.68707988535775,-50.957411883311764,India,Broken,Cumulus,Transparent,Dry
OBS-000258,2022-01-31T00:40:24,-38.038441800618614,-150.33348996844524,France,Broken,Stratocumulus,Transparent,Snow
OBS-000259,2022-01-31T02:09:51,-23.78325592584538,159.49489424787583,France,Clear,Altocumulus,Thin,Snow
OBS-000260,2022-01-31T03:39:19,-36.988637044022916,130.4872008875647,Japan,Clear,Cirrus,Thin,Wet
OBS-000261,2022-01-31T05:08:46,-48.468670611582766,145.4357762863724,Brazil,Few,Altocumulus,Thin,Ice
OBS-000262,2022-01-31T06:38:14,-44.3173367569219,168.26865969978797,Germany,Clear,Stratocumulus,Thin,Wet
OBS-000263,2022-01-31T08:07:41,-0.09876015574565145,-110.87561526537432,Japan,Scattered,Cumulus,Transparent,Ice
OBS-000264,2022-01-31T09:37:09,-33.17661660724697,-35.27771357309604,United States,Broken,Altocumulus,Opaque,Dry
OBS-000265,2022-01-31T11:06:36,-12.64491806375019,87.80108173939107,United States,Clear,Altocumulus,Transparent,Dry
OBS-000266,2022-01-31T12:36:04,5.444245211131388,66.64701013828935,United States,Clear,Cumulus,Transparent,Dry
OBS-000267,2022-01-31T14:05:31,29.75132772181749,-117.67539184444928,United States,Few,Cirrus,Transparent,Dry
OBS-000268,2022-01-31T15:34:59,-54.88942182065714,107.38326249681006,Brazil,Obscured,Cumulus,Thin,Snow
OBS-000269,2022-01-31T17:04:26,43.92335185817555,-93.69020557553537,Germany,Few,Altocumulus,Thin,Snow
OBS-000270,2022-01-31T18:33:54,21.627050633818016,-93.90201096030815,Australia,Scattered,Cirrus,Thin,Wet
OBS-000271,2022-01-31T20:03:22,-49.371325846646656,12.571303783760612,India,Broken,Cirrus,Opaque,Ice
OBS-000272,2022-01-31T21:32:49,53.56522113388104,31.599577846179074,Brazil,Few,Cumulus,Transparent,Dry
OBS-000273,2022-01-31T23:02:17,59.713412069135714,27.229310664855802,Brazil,Clear,Altocumulus,Opaque,Dry
OBS-000274,2022-02-01T00:31:44,-52.059865218867714,-138.89447528476336,Australia,Broken,Stratocumulus,Thin,Ice
OBS-000275,2022-02-01T02:01:12,-24.00590574086352,128.33669329432934,Australia,Broken,Altocumulus,Opaque,Ice
OBS-000276,2022-02-01T03:30:39,44.806166373097966,-79.69598551983994,India,Clear,Stratus,Transparent,Wet
OBS-000277,2022-02-01T05:00:07,37.27375974987558,-125.96492676384658,India,Few,Cumulonimbus,Transparent,Ice
OBS-000278,2022-02-01T06:29:34,-36.012267483670946,132.17434715545227,Australia,Clear,Stratocumulus,Thin,Dry
OBS-000279,2022-02-01T07:59:02,-32.78458796622766,154.92150939811614,United States,Obscured,Cirrus,Thin,Dry
OBS-000280,2022-02-01T09:28:29,-11.838626637120342,123.12338987025322,Brazil,Broken,Stratocumulus,Opaque,Dry
OBS-000281,2022-02-01T10:57:57,2.9879880748327707,105.23546540645856,Japan,Overcast,Cirrus,Thin,Dry
OBS-000282,2022-02-01T12:27:24,20.373120298938474,52.78227341726739,India,Overcast,Cirrus,Thin,Dry
OBS-000283,2022-02-01T13:56:52,-12.041226855929587,17.29150600710736,India,Scattered,Stratocumulus,Transparent,Wet
OBS-000284,2022-02-01T15:26:19,0.12951309730922844,-140.42450163012055,Australia,Clear,Cirrus,Thin,Dry
OBS-000285,2022-02-01T16:55:47,37.171221957388354,-31.125907555962442,Germany,Clear,Cirrus,Thin,Wet
OBS-000286,2022-02-01T18:25:15,-55.231183624222275,-43.28590421581325,Japan,Scattered,Stratus,Transparent,Dry
OBS-000287,2022-02-01T19:54:42,-27.183197235277305,-81.6837135214891,Japan,Scattered,Altocumulus,Transparent,Snow
OBS-000288,2022-02-01T21:24:10,32.735446164991814,75.96283865411888,India,Scattered,Altocumulus,Opaque,Snow
OBS-000289,2022-02-01T22:53:37,56.37688889933591,-1.402250073217914,United States,Broken,Cumulonimbus,Thin,Snow
OBS-000290,2022-02-02T00:23:05,6.518067475036602,-142.4442865913997,Germany,Obscured,Cumulonimbus,Transparent,Snow
OBS-000291,2022-02-02T01:52:32,9.17475308449103,-95.13771133706415,Japan,Clear,Stratus,Opaque,Wet
OBS-000292,2022-02-02T03:22:00,-46.06763852582911,62.307979644262616,India,Broken,Cumulonimbus,Opaque,Wet
OBS-000293,2022-02-02T04:51:27,-1.836392312950899,-144.11550777329794,Japan,Scattered,Stratocumulus,Thin,Ice
OBS-000294,2022-02-02T06:20:55,9.240244639153005,119.41035077658137,France,Clear,Cumulus,Thin,Dry
OBS-000295,2022-02-02T07:50:22,-28.478834527485144,-1.6501808152487172,Germany,Broken,Cumulus,Opaque,Snow
OBS-000296,2022-02-02T09:19:50,-24.998379976580473,-6.6005637089396885,Germany,Obscured,Cumulus,Transparent,Wet
OBS-000297,2022-02-02T10:49:17,-10.953058796399056,31.41864678423599,France,Broken,Stratus,Opaque,Dry
OBS-000298,2022-02-02T12:18:45,-57.390744288895576,110.39152841455069,Brazil,Obscured,Stratus,Thin,Dry
OBS-000299,2022-02-02T13:48:12,-18.12970847418682,-51.744869313254355,France,Scattered,Cirrus,Transparent,Wet
OBS-000300,2022-02-02T15:17:40,-32.511759090449196,60.52549187008162,Australia,Obscured,Cumulus,Transparent,Snow
OBS-000301,2022-02-02T16:47:08,-17.425344216871096,22.348867758568957,Australia,Clear,Stratocumulus,Opaque,Ice
OBS-000302,2022-02-02T18:16:35,-44.430922863497344,-79.21038814239675,India,Scattered,Cumulonimbus,Thin,Dry
OBS-000303,2022-02-02T19:46:03,55.768546496186346,128.7341953607537,Germany,Clear,Stratocumulus,Opaque,Ice
OBS-000304,2022-02-02T21:15:30,17.167018962026333,101.12484734635558,Brazil,Overcast,Cumulonimbus,Opaque,Snow
OBS-000305,2022-02-02T22:44:58,28.28330148878365,53.87362378386467,Brazil,Few,Cumulus,Opaque,Snow
OBS-000306,2022-02-03T00:14:25,42.59226101895398,119.19778789204224,Japan,Obscured,Cumulus,Transparent,Ice
OBS-000307,2022-02-03T01:43:53,4.797485860777442,124.88002832633282,Japan,Few,Cumulus,Transparent,Snow
OBS-000308,2022-02-03T03:13:20,-48.70036254863492,70.84341208311182,France,Few,Stratus,Thin,Dry
OBS-000309,2022-02-03T04:42:48,9.823850436411206,114.58453164364852,Brazil,Obscured,Cumulonimbus,Thin,Ice
OBS-000310,2022-02-03T06:12:15,16.289345342714284,67.14029696755645,France,Scattered,Stratus,Opaque,Snow
OBS-000311,2022-02-03T07:41:43,36.9071316439629,61.24786239850215,France,Overcast,Stratus,Opaque,Ice
OBS-000312,2022-02-03T09:11:10,-3.8842589901416815,40.32786859316266,Japan,Clear,Altocumulus,Opaque,Dry
OBS-000313,2022-02-03T10:40:38,-43.41456063657671,85.92365744959801,Germany,Broken,Stratocumulus,Thin,Snow
OBS-000314,2022-02-03T12:10:06,-23.10913224616582,-116.07426420035495,France,Clear,Stratocumulus,Transparent,Dry
OBS-000315,2022-02-03T13:39:33,-12.79930146817744,129.49605812763565,United States,Broken,Cirrus,Transparent,Snow
OBS-000316,2022-02-03T15:09:01,23.96924137310816,126.4267994333789,Germany,Clear,Stratus,Opaque,Wet
OBS-000317,2022-02-03T16:38:28,14.201179606958547,-160.0559237682499,Brazil,Obscured,Cumulonimbus,Opaque,Snow
OBS-000318,2022-02-03T18:07:56,-13.707425633279989,110.77769519201928,Brazil,Overcast,Altocumulus,Opaque,Ice
OBS-000319,2022-02-03T19:37:23,68.24698234308735,-126.18424505902863,France,Broken,Altocumulus,Opaque,Snow
OBS-000320,2022-02-03T21:06:51,18.750726516395332,-56.05958955189176,Germany,Scattered,Stratocumulus,Thin,Dry
OBS-000321,2022-02-03T22:36:18,-29.16051707432072,82.79280713914665,Japan,Clear,Stratus,Transparent,Dry
OBS-000322,2022-02-04T00:05:46,-46.768278559347515,-115.3416353435752,Japan,Clear,Cirrus,Opaque,Snow
OBS-000323,2022-02-04T01:35:13,-40.128311906036835,108.10878820048117,Australia,Broken,Stratus,Thin,Ice
OBS-000324,2022-02-04T03:04:41,-28.02549531001394,112.92562050563225,Brazil,Scattered,Cumulus,Opaque,Wet
OBS-000325,2022-02-04T04:34:08,-39.11142147625776,2.539029478684313,India,Scattered,Stratus,Opaque,Ice
OBS-000326,2022-02-04T06:03:36,-35.74628687333025,-167.8288036162766,Australia,Obscured,Cumulus,Transparent,Wet
OBS-000327,2022-02-04T07:33:03,-22.937628069799878,-72.40703472052965,Japan,Obscured,Cumulus,Opaque,Dry
OBS-000328,2022-02-04T09:02:31,-37.46143261168187,39.75515224775236,Germany,Obscured,Cirrus,Transparent,Ice
OBS-000329,2022-02-04T10:31:59,56.57950520143527,163.60330052932397,Japan,Obscured,Cumulonimbus,Transparent,Wet
OBS-000330,2022-02-04T12:01:26,-49.56961306398651,44.81659918566726,Germany,Obscured,Stratocumulus,Transparent,Snow
OBS-000331,2022-02-04T13:30:54,8.186480644133113,-81.66678243818566,Australia,Obscured,Stratus,Thin,Dry
OBS-000332,2022-02-04T15:00:21,-6.648412491344004,45.56193905386786,Brazil,Overcast,Cumulus,Thin,Snow
OBS-000333,2022-02-04T16:29:49,67.70922019811883,13.595029103390857,Japan,Scattered,Stratus,Transparent,Dry
OBS-000334,2022-02-04T17:59:16,-45.434942718153195,95.14743435138882,France,Obscured,Cumulonimbus,Opaque,Ice
OBS-000335,2022-02-04T19:28:44,-8.278772124053589,-133.62658279883414,Germany,Scattered,Stratocumulus,Transparent,Ice
OBS-000336,2022-02-04T20:58:11,66.03115632579795,88.74948685068955,Brazil,Scattered,Cumulonimbus,Opaque,Dry
OBS-000337,2022-02-04T22:27:39,52.51592636621743,14.030636749877488,India,Few,Stratocumulus,Transparent,Dry
OBS-000338,2022-02-04T23:57:06,46.21936922340639,157.41728131205815,Germany,Overcast,Altocumulus,Opaque,Dry
OBS-000339,2022-02-05T01:26:34,-26.47263248415782,-53.76346354684674,Australia,Obscured,Stratocumulus,Thin,Ice
OBS-000340,2022-02-05T02:56:01,-37.78461363929144,45.09144366554236,India,Clear,Cirrus,Opaque,Wet
OBS-000341,2022-02-05T04:25:29,26.923618590176034,146.88955587340593,India,Broken,Cumulonimbus,Transparent,Snow
OBS-000342,2022-02-05T05:54:56,60.81887858658615,-135.14669248316906,United States,Clear,Cumulus,Thin,Snow
OBS-000343,2022-02-05T07:24:24,12.379176091810876,148.65768566039338,Japan,Overcast,Altocumulus,Opaque,Ice
OBS-000344,2022-02-05T08:53:52,14.309649631086984,63.88114558227653,Germany,Broken,Cirrus,Opaque,Snow
OBS-000345,2022-02-05T10:23:19,-23.602717824163058,-146.93539990424156,India,Overcast,Stratus,Opaque,Dry
OBS-000346,2022-02-05T11:52:47,40.03408131495179,-67.67238723808248,United States,Scattered,Cumulonimbus,Opaque,Wet
OBS-000347,2022-02-05T13:22:14,-35.68431268752197,70.77851013939573,Australia,Broken,Cumulus,Opaque,Snow
OBS-000348,2022-02-05T14:51:42,-17.921699267448325,-147.1007955006176,Brazil,Scattered,Stratocumulus,Thin,Wet
OBS-000349,2022-02-05T16:21:09,-4.693262979865821,27.937956459932906,France,Clear,Cumulus,Thin,Dry
OBS-000350,2022-02-05T17:50:37,5.989349228979151,-52.39976063599471,France,Clear,Stratus,Thin,Snow
OBS-000351,2022-02-05T19:20:04,-28.48673478603957,41.111276040942215,Germany,Broken,Altocumulus,Thin,Ice
OBS-000352,2022-02-05T20:49:32,-45.07121278390354,-154.44770850374562,India,Broken,Altocumulus,Transparent,Wet
OBS-000353,2022-02-05T22:18:59,19.380605517412235,126.32251409180793,France,Obscured,Cumulonimbus,Thin,Dry
OBS-000354,2022-02-05T23:48:27,-22.478028078766748,160.98624952031497,Japan,Overcast,Altocumulus,Opaque,Wet
OBS-000355,2022-02-06T01:17:54,15.56096878493959,159.41847079713511,France,Obscured,Cumulonimbus,Opaque,Snow
OBS-000356,2022-02-06T02:47:22,-39.9328470143537,84.88162279259441,France,Overcast,Cumulonimbus,Thin,Snow
OBS-000357,2022-02-06T04:16:50,2.5482132411262697,-125.77067835558513,France,Obscured,Cumulonimbus,Opaque,Ice
OBS-000358,2022-02-06T05:46:17,9.236626231706168,87.80948661586768,United States,Scattered,Stratocumulus,Thin,Dry
OBS-000359,2022-02-06T07:15:45,-53.262940213084505,-161.6404484040075,India,Broken,Cirrus,Opaque,Dry
OBS-000360,2022-02-06T08:45:12,-16.241443834790324,-162.47799248014093,Japan,Clear,Cumulonimbus,Transparent,Ice
OBS-000361,2022-02-06T10:14:40,-42.52609199793335,-59.97252548915597,India,Overcast,Cumulonimbus,Transparent,Ice
OBS-000362,2022-02-06T11:44:07,-51.76125383854019,-3.8613152624136546,Germany,Overcast,Cirrus,Thin,Dry
OBS-000363,2022-02-06T13:13:35,68.69483021069288,91.9385220546497,Germany,Clear,Cumulus,Thin,Wet
OBS-000364,2022-02-06T14:43:02,-18.09400015328601,62.32042804621176,Germany,Obscured,Cumulonimbus,Thin,Wet
OBS-000365,2022-02-06T16:12:30,45.283677961102526,-18.393079831905567,Australia,Overcast,Stratocumulus,Opaque,Ice
OBS-000366,2022-02-06T17:41:57,-26.896714880710697,-76.9669334642336,France,Scattered,Altocumulus,Thin,Wet
OBS-000367,2022-02-06T19:11:25,28.59535388911081,169.02233005362177,Australia,Broken,Altocumulus,Transparent,Dry
OBS-000368,2022-02-06T20:40:52,38.829621785659256,-25.0983572397692,United States,Clear,Stratus,Opaque,Snow
OBS-000369,2022-02-06T22:10:20,17.43303627901976,-16.52841172791034,Germany,Broken,Stratus,Thin,Snow
OBS-000370,2022-02-06T23:39:47,1.30490451152059,-114.36790079483248,Japan,Overcast,Altocumulus,Opaque,Wet
OBS-000371,2022-02-07T01:09:15,-6.4606811608550885,100.23524657497597,India,Overcast,Altocumulus,Opaque,Ice
OBS-000372,2022-02-07T02:38:43,-14.647125349410608,65.85195676570615,France,Clear,Stratocumulus,Thin,Ice
OBS-000373,2022-02-07T04:08:10,60.838788752217354,-94.93833165182147,Brazil,Scattered,Cirrus,Opaque,Ice
OBS-000374,2022-02-07T05:37:38,47.98052301240479,-141.99044449061347,Japan,Few,Stratus,Transparent,Ice
OBS-000375,2022-02-07T07:07:05,65.45349838664663,61.36976270540245,France,Clear,Cirrus,Transparent,Ice
OBS-000376,2022-02-07T08:36:33,-43.841360946879185,52.53381285558598,Australia,Few,Stratocumulus,Opaque,Wet
OBS-000377,2022-02-07T10:06:00,35.012771776473755,-77.09176082060883,Australia,Obscured,Altocumulus,Thin,Snow
OBS-000378,2022-02-07T11:35:28,61.98425938673492,153.2936111651395,Japan,Few,Cumulonimbus,Opaque,Snow
OBS-000379,2022-02-07T13:04:55,-36.43970139846418,-118.64031679449391,Australia,Scattered,Cirrus,Transparent,Wet
OBS-000380,2022-02-07T14:34:23,-51.35548524231893,-23.006167645515347,Germany,Obscured,Altocumulus,Opaque,Ice
OBS-000381,2022-02-07T16:03:50,36.34568440770768,150.8294128569836,United States,Few,Altocumulus,Opaque,Wet
OBS-000382,2022-02-07T17:33:18,14.681504713388549,-27.292712245118423,India,Obscured,Cumulus,Transparent,Snow
OBS-000383,2022-02-07T19:02:45,49.43774097857536,47.09882220578908,United States,Few,Cirrus,Opaque,Dry
OBS-000384,2022-02-07T20:32:13,-41.829591038582365,-34.81790469264993,France,Scattered,Cumulonimbus,Opaque,Wet
OBS-000385,2022-02-07T22:01:41,43.38475054178572,-76.76683120145219,India,Few,Cirrus,Thin,Ice
OBS-000386,2022-02-07T23:31:08,-33.78844839379321,164.5524003063416,India,Few,Altocumulus,Thin,Snow
OBS-000387,2022-02-08T01:00:36,-38.72472742745842,-30.826437852885363,United States,Few,Cumulonimbus,Transparent,Snow
OBS-000388,2022-02-08T02:30:03,-38.645446268970915,133.9937292509057,Japan,Clear,Stratocumulus,Transparent,Snow
OBS-000389,2022-02-08T03:59:31,45.89471363007968,-91.8154339970307,India,Clear,Cumulus,Transparent,Snow
OBS-000390,2022-02-08T05:28:58,26.475638690506017,-97.54440063147167,United States,Clear,Altocumulus,Thin,Ice
OBS-000391,2022-02-08T06:58:26,7.9985052199855176,-159.41441181926615,India,Scattered,Stratus,Transparent,Dry
OBS-000392,2022-02-08T08:27:53,-13.352037063944678,51.56672062780092,Brazil,Obscured,Stratus,Transparent,Snow
OBS-000393,2022-02-08T09:57:21,54.03607030570407,-44.70104313392122,Japan,Overcast,Cumulus,Transparent,Wet
OBS-000394,2022-02-08T11:26:48,-8.982136035057401,123.88180494547657,Germany,Few,Stratocumulus,Thin,Dry
OBS-000395,2022-02-08T12:56:16,46.157927131305016,-9.108631724870577,India,Few,Altocumulus,Opaque,Snow
OBS-000396,2022-02-08T14:25:43,-2.9124618858716076,159.18576549100538,Brazil,Scattered,Cirrus,Transparent,Dry
OBS-000397,2022-02-08T15:55:11,-10.997224174762017,-106.92132466093881,Germany,Few,Cumulus,Opaque,Wet
OBS-000398,2022-02-08T17:24:38,0.14837213704883823,125.33187710490768,Germany,Clear,Stratocumulus,Transparent,Snow
OBS-000399,2022-02-08T18:54:06,-20.82087635866153,94.04292994919217,France,Overcast,Cirrus,Opaque,Wet
OBS-000400,2022-02-08T20:23:34,37.18921942291264,92.1134271789777,India,Broken,Stratus,Thin,Ice
OBS-000401,2022-02-08T21:53:01,5.3536507120222865,117.2262975597418,United States,Few,Stratus,Thin,Snow
OBS-000402,2022-02-08T23:22:29,-29.81234963091375,88.74815692061964,India,Clear,Cirrus,Transparent,Snow
OBS-000403,2022-02-09T00:51:56,56.944694525693905,42.91490935468124,Brazil,Broken,Cumulus,Opaque,Snow
OBS-000404,2022-02-09T02:21:24,-10.094141221482516,-125.37674158798822,Germany,Overcast,Stratus,Thin,Snow
OBS-000405,2022-02-09T03:50:51,10.661871944818515,-158.94109897297434,India,Broken,Altocumulus,Transparent,Ice
OBS-000406,2022-02-09T05:20:19,57.84137442539111,143.08826825733354,United States,Clear,Cumulonimbus,Transparent,Snow
OBS-000407,2022-02-09T06:49:46,21.150939468818976,39.66110693705093,France,Obscured,Cirrus,Thin,Dry
OBS-000408,2022-02-09T08:19:14,-44.80325470791267,100.82267893189993,India,Obscured,Cirrus,Thin,Snow
OBS-000409,2022-02-09T09:48:41,62.17817606975177,-6.282400485732978,Japan,Broken,Stratus,Transparent,Ice
OBS-000410,2022-02-09T11:18:09,21.602046899284318,-130.11521575278587,France,Scattered,Cumulus,Opaque,Snow
OBS-000411,2022-02-09T12:47:36,-16.462270094578805,-127.43683065113285,United States,Broken,Altocumulus,Opaque,Dry
OBS-000412,2022-02-09T14:17:04,-41.894630553759654,63.09219765785028,Brazil,Few,Cumulus,Opaque,Ice
OBS-000413,2022-02-09T15:46:31,43.22327460513847,-23.695995734182674,Germany,Few,Stratocumulus,Transparent,Ice
OBS-000414,2022-02-09T17:15:59,20.609458270706753,-101.82159292188551,India,Obscured,Stratocumulus,Thin,Dry
OBS-000415,2022-02-09T18:45:27,9.349941956921796,-2.8578541079114643,United States,Scattered,Cumulonimbus,Transparent,Dry
OBS-000416,2022-02-09T20:14:54,56.20603579662449,-148.1689613944544,France,Clear,Stratus,Thin,Dry
OBS-000417,2022-02-09T21:44:22,42.517637459189004,27.87027665089559,Japan,Few,Stratus,Opaque,Dry
OBS-000418,2022-02-09T23:13:49,-40.282265634742345,-78.54224249206679,United States,Obscured,Stratus,Opaque,Dry
OBS-000419,2022-02-10T00:43:17,-19.476131186578733,101.17009421664397,Australia,Overcast,Cumulonimbus,Thin,Ice
OBS-000420,2022-02-10T02:12:44,-27.69641182411945,-64.47693396598493,Japan,Obscured,Stratocumulus,Thin,Ice
OBS-000421,2022-02-10T03:42:12,36.71301803444801,-15.225149312187597,France,Few,Cumulus,Transparent,Snow
OBS-000422,2022-02-10T05:11:39,-55.64078348434868,-166.04901643124578,Brazil,Few,Cumulonimbus,Opaque,Snow
OBS-000423,2022-02-10T06:41:07,14.085659033271142,-145.36805814985,Germany,Obscured,Cumulonimbus,Transparent,Wet
OBS-000424,2022-02-10T08:10:34,39.11962914628977,-36.55219082172715,France,Clear,Cumulus,Transparent,Snow
OBS-000425,2022-02-10T09:40:02,53.97953277902742,-6.820796196178009,Brazil,Broken,Stratus,Transparent,Snow
OBS-000426,2022-02-10T11:09:29,-15.529372666932026,34.006986360563275,India,Few,Altocumulus,Opaque,Dry
OBS-000427,2022-02-10T12:38:57,46.763449607361665,-70.8347232388369,United States,Obscured,Cumulus,Transparent,Dry
OBS-000428,2022-02-10T14:08:25,-45.61787419582306,66.29384128302448,Australia,Obscured,Stratocumulus,Transparent,Snow
OBS-000429,2022-02-10T15:37:52,50.03879792548736,122.44161504432958,Japan,Scattered,Cirrus,Transparent,Wet
OBS-000430,2022-02-10T17:07:20,-43.42647389684228,95.14933622373894,Japan,Broken,Cirrus,Transparent,Dry
OBS-000431,2022-02-10T18:36:47,-8.352652227152255,-156.52959938155857,United States,Overcast,Cumulonimbus,Transparent,Snow
OBS-000432,2022-02-10T20:06:15,43.64839755134197,-6.6276379323381605,Australia,Clear,Cirrus,Transparent,Snow
OBS-000433,2022-02-10T21:35:42,-40.510734444659406,-134.32373933782054,United States,Overcast,Altocumulus,Opaque,Ice
OBS-000434,2022-02-10T23:05:10,-30.197318619756608,-87.70469460674066,India,Broken,Stratus,Transparent,Wet
OBS-000435,2022-02-11T00:34:37,33.89283389109862,165.4652817108298,Brazil,Broken,Stratocumulus,Thin,Ice
OBS-000436,2022-02-11T02:04:05,33.60474975098967,-121.5515154134855,France,Broken,Altocumulus,Transparent,Wet
OBS-000437,2022-02-11T03:33:32,23.349192275088654,-0.37802782653892564,Japan,Overcast,Stratocumulus,Transparent,Dry
OBS-000438,2022-02-11T05:03:00,30.213297780722996,40.1729496681605,India,Broken,Stratocumulus,Opaque,Wet
OBS-000439,2022-02-11T06:32:27,10.5541776351875,68.83808998499535,Brazil,Obscured,Stratus,Opaque,Snow
OBS-000440,2022-02-11T08:01:55,-27.26612234209614,20.280552385550806,India,Overcast,Cumulonimbus,Thin,Snow
OBS-000441,2022-02-11T09:31:22,-15.059520844490471,-166.67791187747756,Australia,Broken,Cirrus,Thin,Wet
OBS-000442,2022-02-11T11:00:50,-36.39229681581466,-59.00315519704276,Japan,Obscured,Stratus,Opaque,Wet
OBS-000443,2022-02-11T12:30:18,58.09857297337169,6.021958750801872,France,Scattered,Altocumulus,Opaque,Wet
OBS-000444,2022-02-11T13:59:45,15.840933319595663,-140.12539029075666,United States,Broken,Cumulonimbus,Transparent,Ice
OBS-000445,2022-02-11T15:29:13,-7.889315820726814,-50.78684338887854,United States,Overcast,Altocumulus,Opaque,Wet
OBS-000446,2022-02-11T16:58:40,0.06075447373724785,-158.71094301093538,Brazil,Few,Cumulonimbus,Thin,Dry
OBS-000447,2022-02-11T18:28:08,63.14683414953599,-143.28331096729295,France,Broken,Altocumulus,Transparent,Ice
OBS-000448,2022-02-11T19:57:35,-40.064317594909575,-35.04608609145734,Germany,Few,Stratus,Thin,Ice
OBS-000449,2022-02-11T21:27:03,16.209878162183642,-124.87664362535948,Australia,Obscured,Cumulonimbus,Transparent,Wet
OBS-000450,2022-02-11T22:56:30,5.76552825498058,22.963888408929762,Brazil,Scattered,Cumulonimbus,Opaque,Dry
OBS-000451,2022-02-12T00:25:58,19.48905060650422,64.41808950667036,Germany,Clear,Stratocumulus,Thin,Ice
OBS-000452,2022-02-12T01:55:25,-57.64567610329073,102.19947769708818,India,Scattered,Stratocumulus,Transparent,Snow
OBS-000453,2022-02-12T03:24:53,53.3761081627397,-101.94891695676456,Australia,Broken,Cumulus,Transparent,Ice
OBS-000454,2022-02-12T04:54:20,61.175376722869615,-113.05592203191628,India,Few,Altocumulus,Opaque,Wet
OBS-000455,2022-02-12T06:23:48,13.467313866597166,-134.44693428630393,France,Few,Stratocumulus,Opaque,Dry
OBS-000456,2022-02-12T07:53:15,30.564607103995996,46.38628484483647,Japan,Overcast,Cumulus,Opaque,Wet
OBS-000457,2022-02-12T09:22:43,59.92491955304844,70.2017470055464,Australia,Few,Stratocumulus,Thin,Snow
OBS-000458,2022-02-12T10:52:11,31.94102246074182,-159.26071075928172,Germany,Overcast,Altocumulus,Transparent,Snow
OBS-000459,2022-02-12T12:21:38,-40.16992442114602,148.31216372285456,Japan,Obscured,Cumulonimbus,Opaque,Snow
OBS-000460,2022-02-12T13:51:06,14.917486821685713,-152.3297635584994,United States,Clear,Cirrus,Thin,Wet
OBS-000461,2022-02-12T15:20:33,18.87295602977126,14.040754002363968,Germany,Broken,Altocumulus,Thin,Ice
OBS-000462,2022-02-12T16:50:01,-4.863012730689817,71.08057661331159,Brazil,Overcast,Stratus,Thin,Wet
OBS-000463,2022-02-12T18:19:28,35.73775063121397,126.12950207366913,United States,Clear,Stratocumulus,Opaque,Dry
OBS-000464,2022-02-12T19:48:56,61.46771191997193,72.78955692502547,United States,Few,Stratocumulus,Opaque,Ice
OBS-000465,2022-02-12T21:18:23,60.32390667788093,102.5875482437292,Brazil,Few,Cumulonimbus,Transparent,Snow
OBS-000466,2022-02-12T22:47:51,-1.3908817174628254,-54.586934535445934,Australia,Clear,Stratus,Transparent,Wet
OBS-000467,2022-02-13T00:17:18,-45.279054040701816,107.04053867381418,United States,Few,Cumulonimbus,Opaque,Snow
OBS-000468,2022-02-13T01:46:46,68.0293558651035,-142.76095222921046,France,Obscured,Stratus,Thin,Snow
OBS-000469,2022-02-13T03:16:13,49.05675123797144,134.2376630605794,Germany,Obscured,Cirrus,Thin,Dry
OBS-000470,2022-02-13T04:45:41,-43.793851443575306,16.18140789227033,Japan,Clear,Stratocumulus,Thin,Ice
OBS-000471,2022-02-13T06:15:09,59.709444740258405,107.88124178724786,United States,Overcast,Stratocumulus,Transparent,Dry
OBS-000472,2022-02-13T07:44:36,53.08652706807668,-16.21178326377796,Germany,Overcast,Cirrus,Thin,Dry
OBS-000473,2022-02-13T09:14:04,7.448947426389381,48.81641636681849,India,Clear,Cumulus,Transparent,Dry
OBS-000474,2022-02-13T10:43:31,16.865806646840795,8.97690471827849,Germany,Overcast,Cumulonimbus,Transparent,Snow
OBS-000475,2022-02-13T12:12:59,-8.129648496883064,78.74043739681284,Japan,Overcast,Cirrus,Thin,Dry
OBS-000476,2022-02-13T13:42:26,-52.880986953135924,-142.24580610959956,Germany,Obscured,Cumulonimbus,Thin,Dry
OBS-000477,2022-02-13T15:11:54,-16.42435858603288,-149.4802914432083,Brazil,Overcast,Altocumulus,Opaque,Ice
OBS-000478,2022-02-13T16:41:21,44.370948317741494,-85.9849004365502,Japan,Scattered,Stratocumulus,Opaque,Ice
OBS-000479,2022-02-13T18:10:49,-59.39783700940163,-115.75480876151596,Australia,Broken,Cumulonimbus,Thin,Dry
OBS-000480,2022-02-13T19:40:16,-16.645107680151256,126.4064126413486,India,Few,Stratus,Transparent,Ice
OBS-000481,2022-02-13T21:09:44,-8.23806983317737,-95.46724429826493,Brazil,Scattered,Cumulonimbus,Transparent,Ice
OBS-000482,2022-02-13T22:39:11,9.861428381929969,161.79418697850463,Australia,Overcast,Altocumulus,Transparent,Dry
OBS-000483,2022-02-14T00:08:39,59.58123013365886,-55.45543079782367,Germany,Obscured,Stratocumulus,Transparent,Snow
OBS-000484,2022-02-14T01:38:06,-14.975020732425037,-108.07990866584225,Japan,Clear,Cirrus,Transparent,Dry
OBS-000485,2022-02-14T03:07:34,-14.896083753490402,98.49749242844291,India,Overcast,Altocumulus,Opaque,Ice
OBS-000486,2022-02-14T04:37:02,35.875162254267295,53.960643670297884,Brazil,Obscured,Stratocumulus,Thin,Snow
OBS-000487,2022-02-14T06:06:29,-1.2116676843250715,-0.6134564059327374,Australia,Broken,Cumulonimbus,Opaque,Wet
OBS-000488,2022-02-14T07:35:57,-30.801373017802344,18.823607318794615,Australia,Overcast,Cumulus,Transparent,Snow
OBS-000489,2022-02-14T09:05:24,-1.1828629027498607,74.5286046125697,India,Clear,Cumulus,Transparent,Ice
OBS-000490,2022-02-14T10:34:52,-41.68858735062602,-92.32538794735844,France,Obscured,Stratus,Transparent,Snow
OBS-000491,2022-02-14T12:04:19,-37.06969175419097,168.75353145929228,Germany,Obscured,Stratocumulus,Transparent,Dry
OBS-000492,2022-02-14T13:33:47,4.7878104561323624,161.4296751299063,India,Obscured,Cumulus,Thin,Wet
OBS-000493,2022-02-14T15:03:14,-5.53969156440877,51.11073335795854,Australia,Broken,Cirrus,Transparent,Wet
OBS-000494,2022-02-14T16:32:42,58.929967138853,-102.15556668409066,United States,Overcast,Stratocumulus,Thin,Wet
OBS-000495,2022-02-14T18:02:09,-12.888793114837696,61.27760242663905,Brazil,Broken,Cirrus,Transparent,Ice
OBS-000496,2022-02-14T19:31:37,15.476485536145645,-145.45254094708022,India,Few,Cirrus,Thin,Ice
OBS-000497,2022-02-14T21:01:04,22.194357429538954,-159.57814925002594,France,Few,Cumulus,Opaque,Wet
OBS-000498,2022-02-14T22:30:32,-58.29772064351663,-82.38781790618735,Australia,Overcast,Stratocumulus,Transparent,Snow
OBS-000499,2022-02-15T00:00:00,26.25985836217238,-12.708194708632448,Germany,Broken,Cumulonimbus,Thin,Wet
